"id","object","field_id"
"1","金钱豹","1"
"2","小老虎","1"
"3","长颈鹿","1"
"4","斑马","1"
"5","鸵鸟","1"
"6","企鹅","1"
"7","信天翁","1"
"9","牛","1"
"10","咩咩羊","1"
"12","骆驼","1"
"13","驴","1"
"14","孔雀","1"
"15","壁虎","1"
"16","螃蟹","1"
"17","老虎","1"
"18","螃蟹","1"
"23","test_obj",
"25","i7-7700K","3"
"26","i3-12100","3"
"27","i5-12600K","3"
"28","i7-12700K","3"
"29","水仙花","2"
"30","鹿角蕨","2"
"31","海带","2"
"32","裙带菜","2"
"33","万年藓","2"
"34","糖醋里脊","4"
"35","宫保鸡丁","4"
"36","九转大肠","4"
"37","汤爆双脆","4"
"38","奶汤蒲菜","4"
"39","南肠","4"
"40","玉记扒鸡","4"
"42","济南烤鸭","4"
"43","肉末海参","4"
"44","酸辣鱼丸","4"
"45","夫妻肺片","4"
"46","蚂蚁上树","4"
"47","蒜蓉白肉","4"
"48","盐煎肉","4"
"49","鱼香肉丝","4"
"50","锅巴肉片","4"
"51","翘脚牛肉","4"
"52","青椒鸡","4"
"53","白切鸡","4"
"54","烧鹅","4"
"55","烤乳猪","4"
"56","红烧乳鸽","4"
"57","蜜汁叉烧","4"
"58","脆皮烧肉","4"
"59","干炒牛河","4"
"60","上汤焗龙虾","4"
"61","小笼包子","4"
"62","葱油饼","4"
"63","大煮干丝","4"
"64","扬州炒饭","4"
"65","牛肉锅贴","4"
"66","文楼汤包","4"
"67","回卤干","4"
"68","佛跳墙","4"
"69","鸡汤汆海蚌","4"
"70","淡糟香螺片","4"
"71","荔枝肉","4"
"72","醉糟鸡","4"
"73","嘉兴肉粽","4"
"74","宁波汤圆","4"
"75","绍兴臭豆腐","4"
"76","舟山虾爆鳝面","4"
"77","湖州馄饨","4"
"78","龙井虾仁","4"
"79","西湖莼菜","4"
"80","虾爆鳝背","4"
"81","西湖醋鱼","4"
"82","冰糖甲鱼","4"
"83","剔骨锅烧河鳗","4"
"84","苔菜小方烤","4"
"85","雪菜大黄鱼","4"
"86","火腿炖甲鱼","4"
"87","腌鲜鳜鱼","4"
"88","毛峰熏鲥鱼","4"
"89","黄山炖鸽","4"
"90","雪冬烧山鸡","4"
"91","东安子鸡","4"
"92","剁椒鱼头","4"
"93","腊味合蒸","4"
"94","组庵鱼翅","4"
"95","冰糖湘莲","4"
"96","红椒腊牛肉","4"
"97","发丝牛百页","4"
"98","浏阳蒸菜","4"
"99","干锅牛肚","4"
"100","平江火焙鱼","4"
"101","肖申克的救赎","6"
"102","霸王别姬","6"
"103","阿甘正传","6"
"104","泰坦尼克号","6"
"105","这个杀手不太冷","6"
"106","美丽人生","6"
"107","千与千寻","6"
"108","辛德勒的名单","6"
"109","盗梦空间","6"
"110","星际穿越","6"
"111","忠犬八公的故事","6"
"112","楚门的世界","6"
"113","R5-5600X","3"
"114","R7-5800X","3"
"115","R5-5600G","3"
